year,systemic_crisis,exch_usd,domestic_debt_in_default,sovereign_external_debt_default,gdp_weighted_default,inflation_annual_cpi,independence,currency_crises,inflation_crises,banking_crisis
0,1,-0.39697516696432633,0,0,0.0,-0.22493978467653689,0,0,0,1
0,0,-0.39697009981995546,0,0,0.0,-0.01662312198073143,0,0,0,0
0,0,-0.39697507207398236,0,0,0.0,-0.3642376438548281,0,0,0,0
0,0,-0.39698070856041734,0,0,0.0,-0.07392245110351273,0,0,0,0
0,0,-0.396984238481215,0,0,0.0,-0.36676615004860036,0,0,0,0
0,0,-0.39698198009102725,0,0,0.0,-0.6989701744182596,0,0,0,0
0,0,-0.39697893411098406,0,0,0.0,-0.32631920252193586,0,0,0,0
0,0,-0.39697893411098406,0,0,0.0,0.27455617261127613,0,0,1,0
0,0,-0.39697816549919746,0,0,0.0,-0.32093000707516023,0,0,0,0
0,0,-0.3969773968874109,0,0,0.0,-0.6193448437401676,0,0,0,0
0,0,-0.3969742939731613,0,0,0.0,-0.21638484489395893,0,0,0,0
0,0,-0.3969773968874109,0,0,0.0,-0.046389105481389935,0,0,0,0
0,0,-0.3969894289830331,0,0,0.0,-0.5322798034849925,0,0,0,0
0,0,-0.39697765309133975,0,0,0.0,-0.31894484998617206,0,0,0,0
0,0,-0.39697610637873215,0,0,0.0,-0.6020430765692332,0,0,0,0
0,0,-0.39321024074063593,0,0,0.0,-0.10208920992230584,0,0,0,0
0,0,-0.3928035407261504,0,0,0.0,0.14043770008417986,0,0,1,0
0,0,-0.39320701446893913,0,0,0.0,0.02645963837695261,0,0,0,0
0,0,-0.3903543260565549,0,0,0.0,0.25527551011721233,0,0,1,0
0,0,-0.3927265846571472,0,0,0.0,0.6096745477430651,0,1,1,0
0,0,-0.3927265846571472,0,0,0.0,0.5187269566292488,0,1,1,0
0,0,-0.3861696618851101,0,0,0.0,0.2803093580497683,0,0,1,0
0,0,-0.3861696618851101,0,0,0.0,0.06183214031292642,0,0,0,0
0,0,-0.3861506838163054,0,0,0.0,1.0549831552348323,0,0,1,0
0,0,-0.3722112922792251,0,0,0.0,0.9461446879340768,0,0,1,0
0,0,-0.36435437179406344,0,0,0.0,0.16745836127986685,0,0,1,0
0,0,-0.3642689704844421,0,0,0.0,-0.29189287865771424,0,0,0,0
0,0,-0.3642594814500398,0,0,0.0,-0.16073641093070007,0,0,0,0
0,0,-0.3642594814500398,0,0,0.0,-0.16901997731263974,0,0,0,0
0,0,-0.3642594814500398,0,0,0.0,-0.3111551321698689,0,0,0,0
0,0,-0.3642594814500398,0,0,0.0,-0.27243800261238355,0,0,0,0
0,0,-0.3642594814500398,0,0,0.0,-0.29189287865771424,0,0,0,0
0,0,-0.3642594814500398,0,0,0.0,-0.2533683716334049,0,0,0,0
0,0,-0.35762664640278374,0,0,0.0,-0.23522819115138655,0,0,0,0
0,0,-0.35091789908030874,0,0,0.0,-0.053295342318787964,0,0,0,0
0,0,-0.35088943197710165,0,0,0.0,-0.11205789000323316,0,0,0,0
0,0,-0.35062316967177115,0,0,0.0,-0.18713585379075848,0,1,0,0
0,0,-0.35062316967177115,0,0,0.0,-0.23509032086496234,0,0,0,0
0,0,-0.35062316967177115,0,0,0.0,-0.16349093336873394,1,0,0,0
0,0,-0.35062316967177115,0,0,0.0,-0.240792081365788,1,0,0,0
0,0,-0.35062316967177115,0,0,0.0,-0.22075960730714647,1,0,0,0
0,0,-0.35340402609372945,0,0,0.0,-0.171801503352083,1,0,0,0
0,0,-0.35423906112113795,0,0,0.0,-0.19978904583714388,1,0,0,0
0,0,-0.3577594928844169,0,0,0.0,-0.11755511275422927,1,0,0,0
0,0,-0.3595434313520623,0,0,0.0,-0.11914969054167683,1,0,0,0
0,0,-0.35832883494855905,0,0,0.0,-0.05650962090895452,1,0,0,0
0,0,-0.3561084008984046,0,0,0.0,0.04221580747310044,1,0,0,0
0,0,-0.3591828480447723,0,0,0.0,-0.06912717784798521,1,0,0,0
0,0,-0.3610853994424473,0,0,0.0,-0.10379355336551326,1,0,0,0
0,0,-0.36183503316023446,0,0,0.0,-0.007665351927708634,1,0,0,0
0,0,-0.3597854017293227,0,0,0.0,-0.10380313705145683,1,0,0,0
0,0,-0.35592810924475965,0,0,0.0,-0.007657139635432386,1,0,0,0
0,0,-0.3534846828861496,0,0,0.0,-0.16362688089084879,1,0,0,0
0,0,-0.35081826421908385,0,0,0.0,-0.13946392484254802,1,0,0,0
0,0,-0.34886162532531534,0,0,0.0,-0.1691326108116774,1,0,0,0
0,0,-0.3521818384627043,0,0,0.0,-0.08893961175282414,1,0,0,0
0,0,-0.3517007444185042,0,0,0.0,-0.019388429890766806,1,0,0,0
0,0,-0.3506303813379169,0,0,0.0,-0.17794566966021222,1,0,0,0
0,0,-0.3336023091028655,0,0,0.0,-0.17636982470054044,1,1,0,0
0,0,-0.3212513819247418,0,0,0.0,-0.11345275556994083,1,1,0,0
0,1,-0.28179218126593,0,0,0.0,-0.11150726796540777,1,1,0,1
0,1,-0.19448262682629122,0,1,0.23,0.21198841091635148,1,1,1,1
0,1,-0.1812976135241993,0,1,0.23,0.32482669197926967,1,0,1,1
0,0,-0.16856712496998083,0,1,0.23,0.10693208027156559,1,0,1,0
0,0,0.009537306245286837,0,1,0.23,0.27229852665687676,1,1,1,0
0,0,0.09761926808527843,0,1,0.23,0.28786242749314134,1,1,1,0
0,0,0.13567883616974083,0,1,0.23,0.07191330338997028,1,0,0,0
0,0,0.15682040481821932,0,0,0.0,-0.18100008519932914,1,0,0,0
0,0,0.17522154033129356,0,0,0.0,-0.1955912422333272,1,0,0,0
0,0,0.260254675417804,0,0,0.0,-0.24131020093985436,1,0,0,0
0,0,0.31745931931248633,0,0,0.0,-0.286056415844115,1,0,0,0
0,0,0.3409617597202742,0,0,0.0,-0.21018239926732524,1,0,0,0
0,0,0.35902698341550465,0,0,0.0,-0.26407240591289133,1,0,0,0
0,0,0.2915542553940185,0,0,0.0,-0.2090345615806507,1,0,0,0
0,0,0.29156279552498066,0,0,0.0,-0.2146181110056606,1,0,0,0
0,0,0.298833293684076,0,0,0.0,-0.2650062399630672,1,0,0,0
0,0,0.2777515059523324,0,0,0.0,-0.24685484061277363,1,0,0,0
0,0,0.236680118348558,0,0,0.0,-0.22041566406716917,1,0,0,0
0,0,0.2779830383917502,0,0,0.0,-0.19743945545763358,1,0,0,0
0,0,0.29267491035693843,0,0,0.0,-0.1801635255293799,1,0,0,0
0,0,0.3136722456825009,0,0,0.0,-0.21576594869233512,1,0,0,0
0,0,0.3242297453585767,0,0,0.0,-0.2039179291807287,1,0,0,0
0,0,0.3436462075527046,0,0,0.0,-0.1184332038375455,1,0,0,0
0,0,0.3440846132778387,0,0,0.0,-0.22856725713016277,1,0,0,0
0,0,0.4372858807108052,0,0,0.0,-0.23514300523348453,1,0,0,0
0,0,-0.39747110173971884,0,0,0.0,0.2845478930629942,0,0,1,0
0,0,-0.39747110164862415,0,0,0.0,0.5974728833311693,0,0,1,0
0,0,-0.3974711015916899,0,0,0.0,1.0432456734651965,0,0,1,0
0,0,-0.39747110166095984,0,0,0.0,2.1738995494386275,0,0,1,0
0,0,-0.3974711016732956,0,0,0.0,-0.8206664327202696,0,0,0,0
0,0,-0.3974711016732956,0,0,0.0,-0.4288990479885631,0,0,0,0
0,0,-0.3974711016666533,0,0,0.0,-0.6308793551226076,0,0,0,0
0,0,-0.3974711016429307,0,0,0.0,-0.47037797999869846,0,0,0,0
0,0,-0.39747110164767524,0,0,0.0,-0.390149828391236,0,0,0,0
0,0,-0.3974711016467263,0,0,0.0,-0.39537626187424707,0,0,0,0
0,0,-0.3974711015641717,0,0,0.0,-0.29189287865771424,0,0,0,0
0,0,-0.3974711015442447,0,0,0.0,-0.33561170122690065,0,0,0,0
0,0,-0.3974711016562153,0,0,0.0,-0.247169025674352,0,0,0,0
0,0,-0.39747110164767524,0,0,0.0,-0.22631464479420718,0,0,0,0
0,0,-0.3974711016467263,0,0,0.0,-0.18615985666630017,0,0,0,0
0,0,-0.3974711016448285,0,0,0.0,-0.31194945189932044,0,0,0,0
0,0,-0.39747110164862415,0,0,0.0,-0.2513618869030935,0,0,0,0
0,0,-0.39747110163439053,0,0,0.0,-0.25218904998464214,0,0,0,0
0,0,-0.39747110159548554,0,0,0.0,-0.27243800261238355,0,0,0,0
0,0,-0.39747110162015703,0,0,0.0,-0.022221329487548933,0,0,0,0
0,0,-0.39747110162110594,0,0,0.0,0.02953550816972603,0,0,0,0
0,0,-0.39747110162110594,0,0,0.0,0.05655266242945708,0,0,0,0
0,0,-0.39747110162110594,0,0,0.0,-0.021002199602155075,0,0,0,0
0,0,-0.39747110162110594,0,0,0.0,-0.14057717607859643,0,0,0,0
0,0,-0.39747110162110594,0,0,0.0,-0.19161001244968343,0,0,0,0
0,0,-0.39747110160877014,0,0,0.0,-0.19652583922592204,0,0,0,0
0,0,-0.39747110162110594,0,0,0.0,-0.028252035036401286,0,0,0,0
0,0,-0.3974711016135147,0,0,0.0,-0.6201438735923841,0,0,0,0
0,0,-0.3974711015869454,0,0,0.0,-0.3111551321698689,0,0,0,0
0,0,-0.39747110158220084,0,0,0.0,-0.21407337447639135,0,0,0,0
0,0,-0.39747110158220084,0,0,0.0,-0.44154577130811834,0,0,0,0
0,0,-0.3974711015831498,0,0,0.0,-0.23109639101605575,0,0,0,0
0,0,-0.3974711015831498,0,0,0.0,-0.29189287865771424,0,0,0,0
0,0,-0.39747110158504756,0,0,0.0,-0.3704984384289677,0,0,0,0
0,0,-0.39747110158504756,0,0,0.0,-0.29189287865771424,0,0,0,0
0,0,-0.39747110158504756,0,0,0.0,-0.230456427985177,0,0,0,0
0,0,-0.39747110158504756,0,0,0.0,-0.27204096433090563,0,0,0,0
0,0,-0.39747110158504756,0,0,0.0,-0.25259009877208755,0,0,0,0
0,0,-0.3974711015840987,0,0,0.0,-0.29189287865771424,0,1,0,0
0,0,-0.39747110158504756,0,0,0.0,-0.3111551321698689,0,0,0,0
0,0,-0.39747110158504756,0,0,0.0,-0.2529831265670528,0,0,0,0
0,0,-0.3974711015840987,0,0,0.0,-0.1774524313356726,0,0,0,0
0,0,-0.39747110158504756,0,0,0.0,-0.13692634713189897,0,1,0,0
0,0,-0.3974711015964344,0,0,0.0,-0.17948730129432555,0,0,0,0
0,0,-0.39747110160212784,0,0,0.0,0.015460594442638777,0,1,0,0
0,0,-0.3974711016135147,0,0,0.0,0.01305938803966944,0,1,0,0
0,0,-0.3974711016249015,0,0,0.0,0.241467604252763,0,0,1,0
0,0,-0.3974711015973833,0,0,0.0,0.27230698738792014,1,0,1,0
0,0,-0.39747110157460963,1,0,0.0,1.278113759287069,1,0,1,0
0,0,-0.39747110157460963,0,0,0.0,1.0506754869304815,1,0,1,0
0,0,-0.39747110157460963,0,0,0.0,0.650911205341396,1,0,1,0
0,0,-0.39747110157460963,0,0,0.0,1.6789116984789656,1,0,1,0
0,0,-0.39747110157460963,0,0,0.0,0.6167968068549002,1,0,1,0
0,0,-0.39747110015030557,0,1,0.0,1.36692712734741,1,1,1,0
0,0,-0.3974710966393628,1,1,0.0,5.527002181872569,1,1,1,1
0,0,-0.39747104017960816,1,1,0.0,9.435545144007648,1,1,1,1
0,0,-0.39746626945369395,1,1,0.0,9.435545144007648,1,1,1,1
0,0,-0.39741709027451344,1,1,0.0,9.435545144007648,1,2,1,1
0,0,-0.39555437384325964,1,1,0.0,9.435545144007648,1,1,1,1
0,0,-0.39498140696797573,1,1,0.0,4.017206526374679,1,1,1,1
0,0,-0.39086198939708167,1,1,0.0,1.7981250000161202,1,1,1,1
0,0,-0.3445230490158641,1,1,0.0,4.537741189843547,1,2,1,0
0,0,-0.23788603952479184,1,1,0.0,6.031506027480085,1,1,1,0
0,0,-0.09430252568465507,1,1,0.0,2.6766488375951196,1,1,1,0
0,0,0.15921610133378547,1,1,0.0,1.8266069385464843,1,1,1,0
0,0,0.3529358773422799,0,1,0.0,1.6213385413921997,1,1,1,0
0,0,0.41846999563536197,0,0,0.0,0.5555420670008467,1,1,1,0
0,0,0.36904844753819077,0,0,0.0,0.15481053021912447,1,1,1,0
0,0,0.3641607408078744,0,0,0.0,-0.033045752874588975,1,0,0,0
0,0,0.3144247261106087,0,0,0.0,-0.053590101978458204,1,0,0,0
0,0,0.3158101251333546,0,0,0.0,-0.04938784875266678,1,0,0,0
0,0,0.4508295956446652,0,0,0.0,-0.024952524439731387,1,1,0,0
0,0,0.4816215122803531,0,0,0.0,-0.01018627352132536,1,0,0,0
0,0,0.5065681837241817,0,0,0.0,-0.02956333006247477,1,0,0,0
0,0,0.511824019536835,0,0,0.0,-0.09179947853148775,1,0,0,0
0,0,0.5282790944368022,0,0,0.0,-0.12104015722761984,1,0,0,0
0,0,0.5655709996381129,0,0,0.0,-0.14995010303098127,1,0,0,0
0,0,1.5947502617974616,0,0,0.0,-0.15924599653399657,0,0,0,0
0,0,1.9301873906953513,0,0,0.0,-0.043532758867997956,0,0,0,0
0,0,1.9316107449068032,0,0,0.0,-0.21847825206495325,0,1,0,0
0,0,1.9285742557958518,0,0,0.0,-0.07965786723642011,1,0,0,0
0,0,1.927957469508601,0,0,0.0,-0.1643199209869227,1,0,0,0
0,0,1.9273881274444589,0,0,0.0,-0.1422399860073102,1,0,0,0
0,0,1.9282895847637807,0,0,0.0,-0.21963191049490155,1,0,0,0
0,0,1.9273881274444589,0,0,0.0,-0.09627222418276553,1,0,0,0
0,0,1.9280523589037215,0,0,0.0,-0.10927514355941553,1,0,0,0
0,0,1.9519172642943214,0,0,0.0,-0.23846987808220374,1,0,0,0
0,0,1.9313735190467436,0,0,0.0,-0.2550629351493341,1,0,0,0
0,0,1.9501617938787863,0,0,0.0,-0.19833937637098842,1,0,0,0
0,0,2.2396720285319263,0,0,0.0,-0.2817495647612877,1,0,0,0
0,0,2.221737766796097,0,0,0.0,-0.2192398145884988,1,0,0,0
0,0,2.0813001563269915,0,0,0.0,0.24699805412274103,1,0,1,0
0,0,2.032194438404158,0,0,0.0,-0.4635535496505041,1,0,0,0
0,0,1.8364832423951964,0,0,0.0,-0.18206696550486495,1,0,0,0
0,0,1.7112280765319436,0,0,0.0,-0.10625474845076108,1,0,0,0
0,0,1.730680582823249,0,0,0.0,0.01992743417719548,1,0,0,0
0,1,1.9604336660281236,0,0,0.0,-0.08741219951251845,1,0,0,1
0,1,1.8348226613747818,0,0,0.0,-0.07514018354516025,1,0,0,1
0,1,1.585735684808632,0,0,0.0,-0.06832828845997381,1,0,0,1
0,1,1.5098234636771746,0,0,0.0,-0.11270323086767763,1,0,0,1
0,1,1.7451513498489242,0,0,0.0,-0.03314302725481561,1,0,0,1
0,1,2.3296754562618673,0,1,0.0,-0.006684395833165836,1,0,0,1
0,1,2.7932144584970096,0,0,0.0,-0.03425195518939947,1,0,0,1
0,0,3.563011829718632,0,1,0.0,-0.008668793189789576,1,0,0,0
0,0,4.153466577888539,0,1,0.0,-0.24123238143567305,1,0,0,0
0,0,3.1898558165895254,0,1,0.0,-0.08845323985169086,1,0,0,0
0,0,2.6651125851597564,0,1,0.0,-0.24498717251242189,1,0,0,0
0,0,2.136099291095632,0,1,0.0,-0.4278046427103947,1,0,0,0
0,1,2.477229836839329,0,1,0.0,-0.36842836102004534,1,0,0,1
0,1,2.3486535117819574,0,1,0.0,-0.27934448360847597,1,0,0,1
0,1,2.0359900493183956,0,1,0.0,-0.2958422184949164,1,0,0,1
0,1,2.060187069964175,0,1,0.0,-0.34730036563481614,1,0,0,1
0,1,2.2150954465100523,0,1,0.0,-0.3066202198240296,1,0,0,1
0,1,2.3996570356363605,0,1,0.0,-0.3484871130735813,1,0,0,1
0,1,4.347046099326242,0,1,0.0,0.18572432825515503,1,1,1,1
0,1,4.252152466403226,0,1,0.0,0.08164074141263564,1,0,0,1
0,1,4.347046099326242,0,1,0.0,-0.219462375140948,1,0,0,1
0,1,4.347046099326242,0,1,0.0,-0.2608234416133211,1,0,0,1
0,1,4.347046099326242,0,1,0.0,-0.328292951738528,1,0,0,1
0,1,4.347046099326242,0,1,0.0,-0.3194215282618572,1,0,0,1
0,0,4.347046099326242,0,1,0.0,-0.2295983655605653,1,0,0,0
0,0,4.347046099326242,0,1,0.0,-0.21712779001550828,1,0,0,0
0,0,4.347046099326242,0,1,0.0,-0.24718557350554424,1,0,0,0
0,0,4.347046099326242,0,1,0.0,-0.2072058032323896,1,0,0,0
0,0,4.1722363642859515,0,1,0.0,-0.3355496205034364,1,0,0,0
0,0,4.347046099326242,0,1,0.0,-0.23576556126693513,1,0,0,0
0,0,4.328723688638183,0,1,0.0,-0.1616619384102704,1,0,0,0
0,0,3.8307732696382026,0,1,0.0,-0.27370256955533,1,0,0,0
0,0,4.075043476648519,0,1,0.0,-0.11170181672586108,1,0,0,0
0,0,3.923227592545732,0,1,0.0,-0.22337280522605943,1,0,0,0
0,0,4.26081249321284,0,1,0.0,-0.26288565847412615,1,0,0,0
0,0,4.347046099326242,0,1,0.0,-0.26864430178354404,1,0,0,0
0,0,4.3201266993819125,0,1,0.0,-0.1776149367674416,1,0,0,0
0,0,4.115906129218026,0,1,0.0,-0.16442453080870736,1,0,0,0
0,0,4.347046099326242,0,1,0.0,-0.06652759454860316,1,0,0,0
0,0,-0.3974711018583318,0,0,0.0,0.023589330749961727,0,0,0,0
0,0,-0.3974711018583318,0,0,0.0,-0.24663723095663537,0,0,0,0
0,0,-0.3974711018583318,0,0,0.0,-0.3361197278641881,0,0,0,0
0,0,-0.3974711018583318,0,0,0.0,-0.24663723095663537,0,0,0,0
0,0,-0.3974711018583318,0,0,0.0,-0.2034744488611663,0,0,0,0
0,0,-0.3974711018583318,0,0,0.0,-0.03813509261255325,0,0,0,0
0,0,-0.3974711018583318,0,0,0.0,0.11967036716757821,0,0,1,0
0,0,-0.3974711018583318,0,0,0.0,-0.16838784144531105,0,0,0,0
0,0,-0.3974711018583318,0,0,0.0,-0.3337691774059998,1,0,0,0
0,0,-0.3974711018583318,0,0,0.0,-0.011152588265253957,1,0,0,0
0,0,-0.3974711018583318,0,0,0.0,-0.29534745961617487,1,0,0,0
0,0,-0.3974711018583318,0,0,0.0,-0.12225512946981866,1,0,0,0
0,0,-0.3974711018583318,0,0,0.0,-0.35354625528368094,1,0,0,0
0,0,-0.3974711018583318,0,0,0.0,-0.2577003757892872,1,0,0,0
0,0,-0.3974711018583318,0,0,0.0,-0.20113396960866042,1,0,0,0
0,0,-0.3974711018583318,0,0,0.0,-0.2380770624621166,1,0,0,0
0,0,-0.3974711018583318,0,0,0.0,-0.14116436620181214,1,0,0,0
0,0,-0.3974711018583318,0,0,0.0,-0.24319873667098524,1,0,0,0
0,0,2.240480462000291,0,0,0.0,-0.13479248049175283,1,0,0,0
0,0,2.107633980367123,0,0,0.0,-0.312753493035783,1,0,0,0
0,0,2.0269771879469856,0,0,0.0,-0.268651783661954,1,0,0,0
0,0,1.8609190859055253,0,0,0.0,-0.040291252595159706,1,0,0,0
0,0,1.709094535467619,0,0,0.0,0.06265634244016038,1,0,0,0
0,0,1.6901164666628807,0,0,0.0,-0.08532697667714348,1,0,0,0
0,0,1.9463203955268475,0,0,0.0,-0.04075274968633018,1,0,0,0
0,0,1.841941017100787,0,0,0.0,0.18440990546865968,1,0,1,0
0,0,1.9131087751185556,0,0,0.0,0.02000254303349737,1,0,0,0
0,0,1.5477809506273434,0,0,0.0,0.13143636686726512,1,0,1,0
0,0,1.6996055010652498,0,0,0.0,-0.12049542069835056,1,0,0,0
0,0,2.354348874828721,0,0,0.0,-0.1229856448321529,1,0,0,0
0,0,2.942669007775608,0,0,0.0,-0.14814079955876552,1,0,0,0
0,0,3.872594379207784,0,1,0.0,-0.17751766238721495,1,0,0,0
0,0,4.218944134894258,0,1,0.0,-0.20860655430765346,1,0,0,0
0,0,3.208361971041944,0,1,0.0,-0.2577884809502495,1,0,0,0
0,0,2.6295308724974262,0,1,0.0,-0.1588798911357881,1,0,0,0
0,0,2.230991427597922,0,1,0.0,-0.15613675361339646,1,0,0,0
0,1,2.544129562876104,0,1,0.0,-0.1569733132833457,1,0,0,1
0,1,2.496684390864258,0,1,0.0,-0.27271037087701816,1,0,0,1
0,1,2.1361010835742307,0,1,0.0,-0.30469418709554186,1,0,0,1
0,1,2.117123014769492,0,1,0.0,-0.26125144888631835,1,0,0,1
0,0,2.240480462000291,0,1,0.0,-0.20983221149850925,1,0,0,0
0,0,2.420772115645305,0,1,0.0,-0.2504539926811598,1,0,0,0
0,0,4.347046099326242,0,1,0.0,0.21307788397489,1,1,1,0
0,0,4.299600927314396,0,1,0.0,-0.017579126418551052,1,0,0,0
0,0,4.347046099326242,0,1,0.0,-0.2393647133353213,1,0,0,0
0,0,4.347046099326242,0,1,0.0,-0.16930770469608536,1,0,0,0
0,0,4.347046099326242,0,1,0.0,-0.19035788057713318,1,0,0,0
0,0,-0.3974711018583318,0,0,0.0,-0.27399439269601,1,0,0,0
0,0,-0.3974711018583318,0,1,0.0,-0.29930518643098525,1,0,0,0
0,0,-0.3974711018583318,0,1,0.0,-0.20716689348029893,1,0,0,0
0,0,-0.3974711018583318,0,1,0.0,-0.23197186043809562,1,0,0,0
0,0,-0.3974711018583318,0,1,0.0,-0.22775015233625884,1,0,0,0
0,0,-0.3974711018583318,0,1,0.0,-0.2635082145075767,1,0,0,0
0,0,-0.3974711018583318,0,1,0.0,-0.21633014009764973,1,0,0,0
0,0,-0.3974711018583318,0,1,0.0,-0.24391715432992866,1,0,0,0
0,0,-0.3974711018583318,0,1,0.0,-0.2550064336757672,1,0,0,0
0,0,-0.3974711018583318,0,1,0.0,-0.16903533643145072,1,0,0,0
0,0,-0.3974711018583318,0,1,0.0,-0.27226290872797554,1,0,0,0
0,0,-0.3974711018583318,0,1,0.0,-0.2568741017761189,1,0,0,0
0,0,-0.3974711018583318,0,1,0.0,-0.20535759000808318,1,0,0,0
0,0,-0.3974711018583318,0,1,0.0,-0.2666015397987843,1,0,0,0
0,0,-0.3974711018583318,0,0,0.0,-0.24162147895657968,1,0,0,0
0,0,-0.3974711018583318,0,0,0.0,-0.28315763931336074,1,0,0,0
0,0,-0.3955105575626743,0,0,0.0,-0.17624379655825528,1,0,0,0
0,0,-0.3955105575626743,0,0,0.0,-0.17608344847769097,1,0,0,0
0,0,-0.3955105575626743,0,0,0.0,-0.1763141795722524,1,0,0,0
0,0,-0.3955105575626743,0,0,0.0,-0.1761311828253717,1,0,0,0
0,0,-0.3955105575626743,0,0,0.0,-0.17610945877149417,1,0,0,0
0,0,-0.3955105575626743,0,0,0.0,-0.17623663091885539,1,0,0,0
0,0,-0.3955105575626743,0,0,0.0,-0.17629264442522133,1,0,0,0
0,0,-0.3955105575626743,0,0,0.0,-0.17611569868952723,1,0,0,0
0,0,-0.3955105575626743,0,0,0.0,-0.17614727512064135,1,0,0,0
0,0,-0.39560460879138576,0,0,0.0,-0.1763642821230844,1,0,0,0
0,0,-0.3956112511154674,0,0,0.0,-0.17608612286168146,1,0,0,0
0,0,-0.39559417085354315,0,0,0.0,-0.03939772398988198,1,0,0,0
0,0,-0.39558847743290176,0,0,0.0,-0.3736372117697329,1,0,0,0
0,0,-0.395601762081065,0,0,0.0,-0.3730566161296661,1,0,0,0
0,0,-0.39559227304666267,0,0,0.0,-0.2616117493580673,1,0,0,0
0,0,-0.39562928028083194,0,0,0.0,-0.4578054786265561,1,0,0,0
0,0,-0.3955894263363419,0,1,0.4,-0.5034501321966205,1,0,0,0
0,0,-0.3956159956326686,0,1,0.4,-0.30040268948961146,1,0,0,0
0,0,-0.39560460879138576,0,1,0.4,-0.30189491813132574,1,0,0,0
0,0,-0.39559132414322246,0,1,0.4,-0.08661404940979678,1,0,0,0
0,0,-0.3955638059434556,0,1,0.4,-0.2571697444537031,1,0,0,0
0,0,-0.3955732949778579,0,0,0.0,-0.5332918916612805,1,0,0,0
0,0,-0.3955751927847384,0,0,0.0,-0.2095481220796097,1,0,0,0
0,0,-0.3955751927847384,0,0,0.0,-0.3353078206349685,1,0,0,0
0,0,-0.39557044826753723,0,0,0.0,-0.30117443784696907,1,0,0,0
0,0,-0.39558183510882006,0,0,0.0,-0.41715455824184283,1,0,0,0
0,0,-0.39556665265377633,0,0,0.0,-0.22153166330445895,1,0,0,0
0,0,-0.3955742438812982,0,0,0.0,-0.3471602693992944,1,0,0,0
0,0,-0.395585630722581,0,0,0.0,-0.41284276167116013,1,0,0,0
0,0,-0.39556855046065675,0,0,0.0,-0.5318184089210187,1,0,0,0
0,0,-0.39557044826753723,0,0,0.0,-0.1372267321689777,1,0,0,0
0,0,-0.3955638059434556,0,0,0.0,-0.09393174948270064,1,0,0,0
0,0,-0.3955799373019396,0,0,0.0,-0.2537733133804567,1,0,0,0
0,0,-0.3955894263363419,0,0,0.0,-0.562753979492478,1,0,0,0
0,0,-0.3955827840122603,0,0,0.0,-0.3882623809269613,1,0,0,0
0,0,-0.3956008131776248,0,0,0.0,-0.4004250963851911,1,0,0,0
0,0,-0.3955960686604236,0,0,0.0,-0.10309134772714662,1,0,0,0
0,0,-0.3955865796260213,0,0,0.0,-0.23651759665986175,1,0,0,0
0,0,-0.3955875285294615,0,0,0.0,-0.015306560908810002,1,0,0,0
0,0,-0.3956197912464296,0,0,0.0,-0.4159064758822865,1,0,0,0
0,0,-0.3955742438812982,0,0,0.0,-0.14815410375629426,1,0,0,0
0,0,-0.3955970175638639,0,0,0.0,-0.2897528422927279,1,0,0,0
0,0,-0.3955846818191408,0,0,0.0,-0.3025813032201313,1,0,0,0
0,0,-0.39556475484689585,0,0,0.0,-0.4384492972452228,1,0,0,0
0,0,-0.39557898839849936,0,0,0.0,-0.3432456364189462,1,0,0,0
0,0,-0.3955638059434556,0,0,0.0,0.006995488192211075,1,0,0,0
0,0,-0.39557044826753723,0,0,0.0,-0.10806875973061152,1,0,0,0
0,1,-0.3955676015572165,0,0,0.0,-0.26645043229796966,1,0,0,1
0,0,-0.39557898839849936,0,0,0.0,-0.11931888006575382,1,0,0,0
0,0,-0.3955780394950591,0,0,0.0,-0.2688250877950402,1,0,0,0
0,0,-0.3955742438812982,0,0,0.0,-0.5203297841983168,1,0,0,0
0,0,-0.39557709059161894,0,0,0.0,-0.26676053675766215,1,0,0,0
0,0,-0.3955751927847384,0,0,0.0,-0.17041836255824716,1,0,0,0
0,0,-0.39556665265377633,0,0,0.0,-0.07003333850427915,1,0,0,0
0,0,-0.39557709059161894,0,0,0.0,-0.31402054372438953,1,0,0,0
0,0,-0.3955163607714437,0,0,0.0,-0.603182675505,1,0,0,0
0,0,-0.3955267987092863,0,0,0.0,0.08410997373518504,1,0,0,0
0,0,-0.3955267987092863,0,0,0.0,0.3983665611653308,1,0,1,0
0,0,-0.395533441033368,0,0,0.0,0.0592037458985113,1,0,0,0
0,0,-0.3950476024719667,0,0,0.0,-0.05504318861577155,1,0,0,0
0,0,-0.3948265079703915,0,0,0.0,0.10892868692474908,1,0,1,0
0,0,-0.3952478210978567,0,0,0.0,-0.8463984186851635,1,0,0,0
0,0,-0.39546701779255145,0,0,0.0,-0.5215920788117412,1,0,0,0
0,0,-0.3953417625384401,0,0,0.0,-0.5040381634124923,1,0,0,0
0,0,-0.3955030761232804,0,0,0.0,-0.15179312639473436,1,0,0,0
0,0,-0.39556570375033606,0,0,0.0,-0.18134825384383474,1,0,0,0
0,0,-0.39556285704001537,0,0,0.0,-0.5127990147120619,1,0,0,0
0,0,-0.3955751927847384,0,0,0.0,-0.4544764163455416,1,0,0,0
0,0,-0.3955638059434556,0,0,0.0,-0.2042349969685651,1,0,0,0
0,0,-0.3955751927847384,0,0,0.0,-0.3568655566448311,1,0,0,0
0,0,-0.39556570375033606,0,0,0.0,-0.4265652670887894,1,0,0,0
0,1,-0.3947287709160471,0,0,0.0,-0.38956085347769187,1,0,0,1
0,0,-0.39464811412362694,0,0,0.0,-0.502944042194969,1,0,0,0
0,0,-0.3956624919012402,0,0,0.0,-0.4824169583208462,1,0,0,0
0,0,-0.3956008131776248,0,0,0.0,0.17442600218068546,1,0,1,0
0,0,-0.39559322195010294,0,0,0.0,-0.18200064116710843,1,0,0,0
0,0,-0.395585630722581,0,0,0.0,-0.4329354201281332,1,0,0,0
0,0,-0.39561884234298933,0,0,0.0,-0.311791584140358,1,0,0,0
0,0,-0.39548979147511715,0,0,0.0,-0.06946250248060006,1,0,0,0
0,0,-0.395116872423104,0,0,0.0,-0.3198135073417293,1,0,0,0
0,0,-0.3951785511467194,0,0,0.0,-0.08988083048484931,1,0,0,0
0,0,-0.3951785511467194,0,0,0.0,0.17868532745264845,1,0,1,0
0,0,-0.3951785511467194,0,0,0.0,0.5012120717968709,1,0,1,0
0,0,-0.3951785511467194,0,0,0.0,0.048303478260854835,1,0,0,0
0,0,-0.3951785511467194,0,0,0.0,-0.07050835362152096,1,0,0,0
0,0,-0.3951785511467194,0,0,0.0,-0.29189287865771424,1,0,0,0
0,0,-0.3951785511467194,0,0,0.0,-0.25066450325302914,1,0,0,0
0,0,-0.3951785511467194,0,0,0.0,-0.35245208348347995,1,0,0,0
0,0,-0.3951785511467194,0,0,0.0,-0.2780029101611632,1,0,0,0
0,0,-0.39416512227254635,0,0,0.0,-0.29189287865771424,1,1,0,0
0,0,-0.39416512227254635,0,0,0.0,-0.1263315798407896,1,0,0,0
0,0,-0.39416512227254635,0,0,0.0,-0.1440383860137012,1,0,0,0
0,0,-0.39416512227254635,0,0,0.0,-0.4913995033803177,1,0,0,0
0,0,-0.39416512227254635,0,0,0.0,-0.3104282321266051,1,0,0,0
0,0,-0.39416512227254635,0,0,0.0,-0.34803381372243986,1,0,0,0
0,0,-0.39416512227254635,0,0,0.0,-0.29189287865771424,1,0,0,0
0,0,-0.39416512227254635,0,0,0.0,-0.21481403438929067,1,0,0,0
0,0,-0.3941413996865404,0,0,0.0,-0.2286794745088567,1,0,0,0
0,0,-0.3941413996865404,0,0,0.0,-0.3179730551343944,1,0,0,0
0,0,-0.3941413996865404,0,0,0.0,-0.27837925528319035,1,0,0,0
0,0,-0.3941413996865404,0,0,0.0,-0.27776613821086044,1,0,0,0
0,0,-0.3941413996865404,0,0,0.0,-0.2689855393366353,1,0,0,0
0,0,-0.39334526970018163,0,0,0.0,-0.3736768249906865,1,1,0,0
0,0,-0.39334526970018163,0,0,0.0,-0.25179900059501525,1,0,0,0
0,0,-0.39334526970018163,0,0,0.0,-0.13967133777014368,1,0,0,0
0,0,-0.39334526970018163,0,0,0.0,-0.03662737006864672,1,0,0,0
0,0,-0.39334526970018163,0,0,0.0,-0.16166782518339345,1,0,0,0
0,0,-0.39334526970018163,0,0,0.0,-0.28956573399125346,1,0,0,0
0,0,-0.39334526970018163,0,0,0.0,-0.2830249956377508,1,0,0,0
0,0,-0.39334526970018163,0,0,0.0,-0.22036242416466154,1,0,0,0
0,0,-0.39334526970018163,0,0,0.0,-0.22635491496741506,1,0,0,0
0,0,-0.39334526970018163,0,0,0.0,-0.23463758247571678,1,0,0,0
0,0,-0.39334526970018163,0,0,0.0,-0.24473226180843827,1,0,0,0
0,0,-0.39334526970018163,0,0,0.0,-0.180215810936759,1,0,0,0
0,0,-0.39375804269668474,0,0,0.0,-0.08488511850514574,1,0,0,0
0,0,-0.39375804269668474,0,0,0.0,-0.09930389636868431,1,0,0,0
0,0,-0.39375804269668474,0,0,0.0,-0.09166478366993171,1,0,0,0
0,0,-0.39375804269668474,0,0,0.0,-0.06593176076014463,1,0,0,0
0,0,-0.39375804269668474,0,0,0.0,-0.0726194514420362,1,0,0,0
0,0,-0.39082877777667335,0,0,0.0,-0.0992352809858149,1,1,0,0
0,1,-0.39082877778616243,0,0,0.0,0.10693208027156559,1,0,1,0
0,1,-0.39082877778616243,0,0,0.0,-0.08956216778627471,1,0,0,1
0,1,-0.39082877778616243,0,0,0.0,-0.002015225582286458,1,0,0,1
0,1,-0.39082877778616243,0,0,0.0,0.019034950298761365,1,0,0,1
0,0,-0.39082877777667335,0,1,0.4,0.04000730667562787,1,0,0,0
0,0,-0.39082877777667335,0,0,0.0,-0.056333239500849834,1,0,0,0
0,0,-0.39082877777667335,0,0,0.0,0.17307865882569,1,0,1,0
0,0,-0.39082877777667335,0,0,0.0,0.19807817454394,1,0,1,0
0,0,-0.39082877777667335,0,0,0.0,0.003529414090632801,1,0,0,0
0,0,-0.3870331640157257,0,0,0.0,0.09971432125874792,1,1,1,0
0,0,-0.3784930330535935,0,0,0.0,0.1209201361481584,1,1,1,1
0,0,-0.36585164653241325,0,0,0.0,-0.005186370377675371,1,1,0,1
0,0,-0.36579091671223807,0,0,0.0,0.11942211069266791,1,0,1,1
0,0,-0.3654759756604235,0,0,0.0,-0.0770721373651724,1,0,0,1
0,0,-0.365293786199898,0,0,0.0,-0.11590406995165253,1,0,0,1
0,0,-0.36530327523430034,0,0,0.0,-0.10977578399737334,1,0,0,1
0,0,-0.36532225330310514,0,0,0.0,-0.15386053311609277,1,0,0,0
0,0,-0.36532225330310514,0,0,0.0,-0.1719146580861597,1,0,0,0
0,0,-0.36532225330310514,0,0,0.0,-0.19382084851320205,1,0,0,0
0,0,-0.3651609397182648,0,0,0.0,-0.21903436786795066,1,0,0,0
0,0,-0.36245656491358963,0,0,0.0,-0.236465936804567,1,0,0,0
0,0,-0.3548653373916943,0,0,0.0,-0.24459807499151523,1,1,0,0
0,0,-0.35477044704767063,0,0,0.0,-0.2294427265522026,1,0,0,0
0,0,-0.33908317537367394,0,0,0.0,-0.29189287865771424,1,1,0,0
0,0,-0.33929003632364557,0,0,0.0,-0.1341916534342634,1,0,0,0
0,0,-0.3430780588570714,0,0,0.0,-0.12018414268162528,1,0,0,0
0,0,-0.3433494452409791,0,0,0.0,-0.21014348951523454,1,0,0,0
0,0,-0.3452453543145725,0,0,0.0,-0.07868689207693486,1,0,0,0
0,0,-0.34524250760425174,0,0,0.0,-0.06430973867943543,1,0,0,0
0,0,-0.3455148428915997,0,0,0.0,0.024054308318456674,1,0,0,0
0,0,-0.34250492117916825,0,0,0.0,-0.0644653776877981,1,0,0,0
0,0,-0.34037653076271684,0,0,0.0,-0.07613830331499652,1,0,0,0
0,0,-0.3376360976273126,0,0,0.0,-0.12360820086560348,1,0,0,0
0,0,-0.33161720310588993,0,0,0.0,-0.15738186568029763,1,0,0,0
0,0,-0.32962450588139236,0,0,0.0,-0.09541808547591926,1,0,0,0
0,0,-0.35042257148450506,0,0,0.0,-0.11018763191414324,0,0,0,0
0,0,-0.35042257148450506,0,0,0.0,-0.22335490277130302,0,0,0,0
0,0,-0.3296928269290894,0,0,0.0,-0.12548150043273992,0,0,0,0
0,0,-0.3296928269290894,0,0,0.0,-0.0802690911936718,0,0,0,0
0,0,-0.3296928269290894,0,0,0.0,-0.16639091055716335,0,0,0,0
0,0,-0.3296928269290894,0,0,0.0,-0.2329056944882715,0,0,0,0
0,0,-0.3296918780256492,0,0,0.0,-0.20609142207659537,0,0,0,0
0,0,-0.3296918780256492,0,0,0.0,-0.16797600996791137,0,0,0,0
0,0,-0.3296918780256492,0,0,0.0,-0.2571410988218457,0,0,0,0
0,0,-0.3296918780256492,0,0,0.0,-0.24071341903746662,0,0,0,0
0,0,-0.3296918780256492,0,0,0.0,-0.29189287865771424,0,0,0,0
0,0,-0.3296918780256492,0,0,0.0,-0.27522694280781335,0,0,0,0
0,0,-0.3296918780256492,0,0,0.0,-0.2754330465778901,0,0,0,0
0,0,-0.3296918780256492,0,0,0.0,-0.24286364670308525,0,0,0,0
0,0,-0.3296918780256492,0,0,0.0,-0.23857474334651085,0,0,0,0
0,0,-0.3296918780256492,0,0,0.0,-0.29189287865771424,1,0,0,0
0,0,-0.3296918780256492,0,0,0.0,-0.2974514394033719,1,0,0,0
0,0,-0.3296918780256492,0,0,0.0,-0.17978746454581737,1,0,0,0
0,0,-0.3296918780256492,0,0,0.0,-0.2187053249424426,1,0,0,0
0,0,-0.3296918780256492,0,0,0.0,-0.2814378654881314,1,0,0,0
0,0,-0.3296918780256492,0,0,0.0,-0.2790163725326207,1,0,0,0
0,0,-0.3296918780256492,0,0,0.0,-0.29444322923377236,1,0,0,0
0,0,-0.3296918780256492,0,0,0.0,-0.25623999320381413,1,0,0,0
0,0,-0.3296918780256492,0,0,0.0,-0.18265815547277608,1,0,0,0
0,0,-0.3296918780256492,0,0,0.0,-0.2038553014056049,1,0,0,0
0,0,-0.3319967644819847,0,0,0.0,-0.045537772556766914,1,0,0,0
0,0,-0.3296918780256492,0,0,0.0,0.027434815595114844,1,0,0,0
0,0,-0.3296918780256492,0,0,0.0,0.09204401070131416,1,0,0,0
0,0,-0.31899678735073894,0,0,0.0,-0.10653445912179933,1,1,0,0
0,0,-0.32206079655926395,0,0,0.0,0.05850659345019382,1,0,0,0
0,0,-0.3295410023786515,0,0,0.0,0.006860371159844812,1,0,0,0
0,0,-0.32793925337153157,0,0,0.0,-0.13469196996798993,1,0,0,0
0,0,-0.32565334499348997,0,0,0.0,-0.02213156741315844,1,0,0,0
0,0,-0.29986499618868223,0,0,0.0,-0.1382966322798282,1,1,0,0
0,0,-0.2767240879916246,0,0,0.0,-0.023007036835198322,1,1,0,0
0,0,-0.26656133214668726,0,0,0.0,-0.06615795190374187,1,0,0,0
0,0,-0.24772180324422355,0,0,0.0,0.11018104457113585,1,0,1,0
0,1,-0.24294881893983186,0,0,0.0,-0.07014620149303466,1,0,0,1
0,1,-0.24524611416864545,0,0,0.0,-0.09181893340753307,1,0,0,1
0,1,-0.24076064760664553,0,0,0.0,-0.038843305936097534,1,0,0,1
0,1,-0.22098075539490708,0,0,0.0,-0.19843165413594543,1,0,0,1
0,1,-0.19249846973275583,0,0,0.0,-0.14370508782043012,1,1,0,0
0,0,-0.16893624840823301,0,0,0.0,-0.07399826695001016,1,0,0,0
0,0,-0.1310750011427801,0,0,0.0,0.07977307331228388,1,1,0,0
0,1,-0.053813385231810076,0,0,0.0,0.23984779341326512,1,1,1,1
0,1,0.24933089901379663,0,0,0.0,0.6026228670305471,1,1,1,1
0,1,0.028006762806058183,0,1,0.0,0.2686799197124452,1,0,1,1
0,1,0.13333504467235566,0,1,0.0,-0.2616600012832703,1,0,0,1
0,1,0.12462600889786125,0,1,0.0,-0.11948376714399338,1,0,0,0
0,1,0.19728069860648112,0,1,0.0,-0.059912936693190706,1,0,0,0
0,1,0.18995326624097167,0,1,0.0,-0.16123393113727308,1,0,0,0
0,1,0.2945698705270915,0,0,0.0,-0.1799689767689266,1,1,0,0
0,0,0.34301613566838723,0,1,0.0,-0.09821958762644689,1,0,0,0
0,0,0.3483670021678831,0,0,0.0,-0.1785876805697081,1,0,0,0
0,0,0.33386965540794356,0,0,0.0,-0.2499481659039812,1,0,0,0
0,0,0.3250135396002125,0,0,0.0,-0.17549435527850052,1,0,0,0
0,0,0.3364525705722684,0,0,0.0,-0.12884156252179746,1,0,0,0
0,0,0.2892190040275955,0,0,0.0,-0.139697383355092,1,0,0,0
0,0,0.26103657185255913,0,0,0.0,-0.17436597246787133,1,0,0,0
0,0,0.19725412931015446,0,0,0.0,-0.2089178323243787,1,0,0,0
0,0,0.33993230491078946,0,0,0.0,0.0018952045028250277,1,1,0,0
0,0,0.3219874865292969,0,0,0.0,-0.08660502662738447,1,0,0,0
0,0,0.3687868769910302,0,0,0.0,-0.20806181777838414,1,0,0,0
0,0,0.409743025585847,0,0,0.0,-0.019096606750086835,1,0,0,0
0,0,0.41859344797293674,0,0,0.0,-0.10944505110460272,1,0,0,0
0,0,0.4215274574101493,0,0,0.0,-0.18066935230655853,1,0,0,0
0,0,0.4503741219933514,0,0,0.0,-0.15808224121792952,1,0,0,0
0,0,-0.36607663153809344,0,0,0.0,-0.46875538816248946,0,0,0,0
0,0,-0.36607663153809344,0,0,0.0,0.3306214172745451,0,0,1,0
0,0,-0.35228526893769013,0,0,0.0,-0.2719724009703748,0,0,0,0
0,0,-0.35228526893769013,0,0,0.0,-0.19646907085091067,0,0,0,0
0,0,-0.3519995541118348,0,0,0.0,-0.07494854056499307,0,0,0,0
0,0,-0.3524461080708103,0,0,0.0,-0.25411185968218003,0,0,0,0
0,0,-0.3524653708106471,0,0,0.0,-0.3042356723785045,0,0,0,0
0,0,-0.3520419700956134,0,0,0.0,-0.2732770403082593,0,0,0,0
0,0,-0.3523465680999294,0,0,0.0,-0.2980284074872512,0,0,0,0
0,0,-0.3520517438010478,0,0,0.0,-0.23630093570129895,0,0,0,0
0,0,-0.3532240191111165,0,0,0.0,-0.30990872684008264,0,0,0,0
0,0,-0.3523256922242442,0,0,0.0,-0.2797808181715218,0,0,0,0
0,0,-0.35228536382803416,0,0,0.0,-0.3039299994088423,0,0,0,0
0,0,-0.3523465680999294,0,0,0.0,-0.2555243983501105,0,0,0,0
0,0,-0.3524156482703787,0,0,0.0,-0.3038143802672523,0,0,0,0
0,0,-0.3523256922242442,0,0,0.0,-0.27635679601797397,0,0,0,0
0,0,-0.35223042231884444,0,0,0.0,-0.2577753982659394,1,0,0,0
0,0,-0.3521249991466341,0,0,0.0,-0.2563490438539695,1,0,0,0
0,0,-0.35233043674144543,0,0,0.0,-0.25505852291963116,1,0,0,0
0,0,-0.3521266122824825,0,0,0.0,-0.23387816362659802,1,0,0,0
0,0,-0.34489236223480435,0,0,0.0,-0.234737752364055,1,0,0,0
0,0,-0.3444094652740678,0,0,0.0,-0.18820469170428664,1,0,0,0
0,0,-0.34476976391032577,0,0,0.0,-0.23394307931459965,1,0,0,0
0,0,-0.34461566199163124,0,0,0.0,-0.2916744251463275,1,0,0,0
0,0,-0.3479039919734283,0,0,0.0,-0.2551971685606852,1,0,0,0
0,0,-0.34358951781135905,0,0,0.0,-0.18388076221688754,1,0,0,0
0,0,-0.3430116356162548,0,0,0.0,0.11321531886618057,1,0,1,0
0,0,-0.3435980579423212,0,0,0.0,0.1710945888946302,1,0,1,0
0,0,-0.334945956374241,0,0,0.0,0.003925312063461038,1,0,0,0
0,0,-0.334473402461003,0,0,0.0,-0.0825690845767591,1,0,0,0
0,0,-0.337212886692967,0,0,0.0,-0.10134142417468303,1,0,0,0
0,0,-0.34128652916190405,0,0,0.0,-0.1155696634530029,1,0,0,0
0,0,-0.32549203139916066,0,0,0.0,0.1597747828860677,1,1,1,0
0,0,-0.3231254662192098,0,0,0.0,0.35089622588001285,1,0,1,0
0,0,-0.29945601880594014,0,0,0.0,0.2226885927412834,1,1,1,0
0,0,-0.29441544373140166,0,0,0.0,-0.03150881766700783,1,0,0,0
0,0,-0.2767392704466684,0,0,0.0,-0.1469151423679097,1,1,0,0
0,0,-0.24941085136784524,0,0,0.0,-0.184404688507262,1,1,0,0
0,0,-0.2616830195604293,0,0,0.0,-0.13000885508451732,1,0,0,0
0,0,-0.27281650362472903,0,0,0.0,-0.20753653612516024,1,0,0,0
0,0,-0.28194021020260696,0,0,0.0,-0.2779048227811215,1,0,0,0
0,0,-0.2662026466462777,0,0,0.0,-0.22185532489452364,1,0,0,0
0,0,-0.25517354196040404,0,0,0.0,-0.02711201568076311,1,0,0,0
0,0,-0.2615691511476009,0,0,0.0,-0.08362843059244884,1,0,0,0
0,0,-0.25709127581312285,0,0,0.0,-0.04253973238471036,1,0,0,0
0,0,-0.236176495086861,0,0,0.0,-0.23631029779620438,1,0,0,0
0,0,-0.22044557385461344,0,0,0.0,0.005533266323301861,1,0,0,0
0,0,-0.22797227594257266,0,0,0.0,-0.1491913628652134,1,0,0,0
0,0,-0.22985584927144292,0,0,0.0,-0.17465779560855133,1,0,0,0
0,0,-0.22693892009615466,0,0,0.0,-0.16440507593266201,1,0,0,1
0,0,-0.1861977508895827,0,0,0.0,-0.15899662039206008,1,1,0,0
0,0,-0.16229961774721602,0,0,0.0,-0.15944408254110268,1,0,0,0
0,0,-0.15580437369879435,0,0,0.0,-0.1581989704742015,1,0,0,0
0,0,-0.13290069136179594,0,0,0.0,-0.20959875298596528,1,0,0,0
0,0,-0.10905949242584344,0,0,0.0,-0.18701164189733632,1,0,0,0
0,0,-0.12042166221924028,0,0,0.0,-0.16710930370296298,1,0,0,0
0,0,-0.14992401907964617,0,0,0.0,-0.21541576092351916,1,0,0,0
0,0,-0.1298385799601514,0,0,0.0,-0.20039659661652387,1,0,0,0
0,0,-0.10647467945463811,0,0,0.0,-0.19615543363864177,1,0,0,0
0,0,-0.07164802539106288,0,0,0.0,-0.11816083557291089,1,0,0,0
0,0,-0.12972660935420344,0,0,0.0,-0.12016468780557996,1,0,0,0
0,0,-0.09614206989389833,0,0,0.0,-0.10257747986060098,1,0,0,0
0,0,-0.11004350529336912,0,0,0.0,-0.24294441052766214,1,0,0,0
0,0,-0.1090993463703334,0,0,0.0,-0.23490954672094055,1,0,0,0
0,0,-0.11915772283684471,0,0,0.0,-0.16493035758588595,1,0,0,0
0,0,-0.10786577189802542,0,0,0.0,-0.19652507628350302,1,0,0,0
0,0,-0.1116127081460634,0,0,0.0,-0.21152478571445302,1,0,0,0
0,0,-0.0963132672569721,0,0,0.0,-0.21850908621472676,1,0,0,0
0,0,-0.38876965731135926,0,0,0.0,0.19447902247555385,0,0,1,0
0,0,-0.38876965731135926,0,0,0.0,0.3306631547928689,0,0,1,0
0,0,-0.3903543260565549,0,0,0.0,0.451157503498468,0,0,1,0
0,0,-0.3927265846571472,0,0,0.0,0.2626947424645142,0,1,1,0
0,0,-0.3920870237384275,0,0,0.0,0.38536325469501215,0,1,1,0
0,0,-0.39210315509691157,0,0,0.0,0.07748091440778004,0,0,0,0
0,0,-0.3858679105911148,0,0,0.0,0.8122730652943528,0,0,1,0
0,0,-0.3858679105911148,0,0,0.0,0.8262379017763855,0,1,1,0
0,0,-0.3858679105911148,0,0,0.0,0.4891535252351151,0,0,1,0
0,0,-0.3766236932763267,0,0,0.0,0.1555652243543212,0,1,1,0
0,0,-0.36347758501528454,0,0,0.0,-0.2602673389229101,0,1,0,0
0,0,-0.36347758501528454,0,0,0.0,0.15948096114597163,0,0,1,0
0,0,-0.36347758501528454,0,0,0.0,-0.19083711757757074,0,0,0,0
0,0,-0.36347758501528454,0,0,0.0,-0.3159048571637723,0,0,0,0
0,0,-0.36347758501528454,0,0,0.0,-0.24326878381600234,0,0,0,0
0,0,-0.36347758501528454,0,0,0.0,-0.17784322534122526,0,0,0,0
0,0,-0.36347758501528454,0,0,0.0,-0.18071312190614014,1,0,0,0
0,0,-0.36342919093983245,0,0,0.0,-0.24681120445418675,1,0,0,0
0,0,-0.3567081078726344,0,0,0.0,-0.20660321916613475,1,1,0,0
0,0,-0.350898921011504,0,0,0.0,-0.3341325627012592,1,1,0,0
0,0,-0.3494518432651427,0,0,0.0,-0.24871574927208243,1,0,0,0
0,0,-0.3494518432651427,0,0,0.0,-0.24761861297677942,1,0,0,0
0,0,-0.349797244117389,0,0,0.0,-0.186675673366689,1,0,0,0
0,0,-0.3498114776689925,0,0,0.0,-0.1802446820311749,1,0,0,0
0,0,-0.3498114776689925,0,0,0.0,-0.20953395381321632,1,0,0,0
0,0,-0.3498029375380304,0,0,0.0,-0.24361815255399163,1,0,0,0
0,0,-0.3497744704348233,0,0,0.0,-0.29646399001049045,1,0,0,0
0,0,-0.3497640324969806,0,0,0.0,-0.31380917781889495,1,0,0,0
0,0,-0.34963782833942914,0,0,0.0,-0.2697428199781474,1,0,0,0
0,0,-0.3495581204504492,0,0,0.0,-0.25898208360641234,1,0,0,0
0,0,-0.34977067482106233,0,0,0.0,-0.2546204441685832,1,0,0,0
0,0,-0.35230329810305466,0,0,0.0,-0.206341207685308,1,0,0,0
0,0,-0.3542305209901758,0,0,0.0,-0.22941609348836234,1,0,0,0
0,0,-0.3606052543016874,0,0,0.0,-0.15194718265165633,1,0,0,0
0,0,-0.35804606172336845,0,0,0.0,0.0189747890128226,1,0,0,0
0,0,-0.36105313672547923,0,0,0.0,-0.1555732182265021,1,0,0,0
0,0,-0.35757825232733165,0,0,0.0,-0.07840898189630995,1,0,0,0
0,0,-0.35647847324009707,0,0,0.0,-0.08150492075556545,1,0,0,0
0,0,-0.3605924441052442,0,0,0.0,-0.10279041567731811,1,0,0,0
0,0,-0.361993500034754,0,0,0.0,-0.12358109921161879,1,0,0,0
0,0,-0.3563442034127926,0,0,0.0,-0.10886140482324282,1,0,0,0
0,0,-0.3468627602379453,0,0,0.0,-0.04884311222339751,1,0,0,0
0,0,-0.3379981042992521,0,0,0.0,-0.08707194365247238,1,0,0,0
0,1,-0.3209799955503231,0,1,0.13,-0.1711170081683011,1,0,0,1
0,1,-0.30683943648391265,0,0,0.0,-0.04971858164543739,1,0,0,1
0,0,-0.3061742551723065,0,0,0.0,-0.1415261417033531,1,1,0,0
0,0,-0.3148054808552125,0,1,0.13,-0.1219739912777957,1,0,0,0
0,0,-0.32345378680953174,0,1,0.13,-0.23938416821136663,1,0,0,0
0,0,-0.31956043599423967,0,1,0.13,-0.24580427730632576,1,0,0,0
0,0,-0.32040306224917003,0,1,0.13,-0.23084347762746643,1,0,0,0
0,0,-0.32115174706351696,0,1,0.13,-0.17465779560855133,1,0,0,0
0,0,-0.3201364203824634,0,0,0.0,-0.11697408813414571,1,0,0,0
0,0,-0.3116076762616141,0,0,0.0,-0.18022189015751588,1,0,0,0
0,0,-0.3058905330341866,0,0,0.0,-0.19105825611476512,1,0,0,0
0,0,-0.3124531492268651,0,0,0.0,-0.19185590603262367,1,0,0,0
0,0,-0.31710941840810775,0,0,0.0,-0.1727512177561089,1,0,0,0
0,0,-0.31397234363468446,0,0,0.0,-0.23378116391031137,1,0,0,0
0,0,-0.30529367277027764,0,0,0.0,-0.27164035269452497,1,0,0,0
0,0,-0.30964913956096507,0,0,0.0,-0.23848924391328138,1,0,0,0
0,0,-0.3017552118416342,0,0,0.0,-0.27846901418643605,1,0,0,0
0,0,-0.2967070455395738,0,0,0.0,-0.2544811520225433,1,0,0,0
0,0,-0.2877778641669444,0,0,0.0,-0.27996703964192654,1,0,0,0
0,0,-0.30099608908944464,0,0,0.0,-0.23782777812774017,1,0,0,0
0,0,-0.314442999741042,0,0,0.0,-0.2692668578169946,1,0,0,0
0,0,-0.31949306384998283,0,0,0.0,-0.26284674872203545,1,0,0,0
0,0,-0.30970322705705855,0,0,0.0,-0.2727687355051541,1,0,0,0
0,0,-0.31722613353125684,0,0,0.0,-0.2279836108488028,1,0,0,0
0,0,-0.32428028170597806,0,0,0.0,-0.2522827510294209,1,0,0,0
0,0,-0.320627003461066,0,0,0.0,-0.2161939559653324,1,0,0,0
0,0,-0.32288634255227,0,0,0.0,-0.2729827391416528,1,0,0,0
0,0,-0.3181721902611731,0,0,0.0,-0.27255473186865553,1,0,0,0
0,0,-0.3160817559823311,0,0,0.0,-0.2742473060845993,1,0,0,0
0,0,-0.31744533022595156,0,0,0.0,-0.2668544531873736,1,0,0,0
0,0,-0.3201354714790232,0,0,0.0,-0.25529825681644713,1,0,0,0
0,0,-0.3137778184294359,0,0,0.0,-0.28327436856963273,1,0,0,0
0,0,-0.3974711018583318,0,0,0.0,-0.2315260237439466,0,0,0,0
0,0,-0.3974711018583318,0,0,0.0,-0.17178698980054954,0,0,0,0
0,0,-0.3974711018583318,0,0,0.0,-0.15837583344885292,0,0,0,0
0,0,-0.3974711018583318,0,0,0.0,-0.261807919682439,0,0,0,0
0,0,-0.3974711018583318,0,0,0.0,-0.35803926534785113,0,0,0,0
0,0,-0.3974711018583318,0,0,0.0,-0.2003071648664737,0,0,0,0
0,0,-0.3974711018583318,0,0,0.0,-0.20773637859629523,1,0,0,0
0,0,-0.3974711018583318,0,0,0.0,-0.17093438902110955,1,0,0,0
0,0,-0.3974711018583318,0,0,0.0,-0.23524800600100332,1,0,0,0
0,0,-0.3974711018583318,0,0,0.0,-0.31190207048254603,1,0,0,0
0,0,-0.3974711018583318,0,0,0.0,-0.273643606475752,1,0,0,0
0,0,-0.3974711018583318,0,0,0.0,-0.20237141343889395,1,0,0,0
0,0,-0.3974711018583318,0,0,0.0,-0.13352123262764312,1,0,0,0
0,0,-0.3974711018583318,0,0,0.0,-0.3804718351111337,1,0,0,0
0,0,-0.3974711018583318,0,0,0.0,-0.23871461927501633,1,0,0,0
0,0,-0.3974711018583318,0,0,0.0,-0.07782690212156919,1,0,0,0
0,0,-0.3974711018583318,0,0,0.0,-0.030935437140090772,1,0,0,0
0,0,-0.3974711018583318,0,0,0.0,0.00923794864311329,1,0,0,0
0,0,-0.3974711018583318,0,0,0.0,-0.2920533466386796,1,0,0,0
0,0,-0.39122831357967414,0,0,0.0,-0.06478697729446048,1,1,0,0
0,0,-0.39162377969713336,0,0,0.0,-0.0728419193114559,1,0,0,0
0,0,-0.39163851571208663,0,0,0.0,0.45719594313874345,1,0,1,0
0,0,-0.39148281812685604,0,0,0.0,0.06484018029127028,1,0,0,0
0,0,-0.3912901258234926,0,0,0.0,0.1430229394980025,1,0,1,0
0,0,-0.39132137120210436,0,0,0.0,0.015130963084949827,1,0,0,0
0,0,-0.3920565315898776,0,0,0.0,-0.09601683807943087,1,0,0,0
0,0,-0.3923047522043182,0,0,0.0,-0.09792776448576693,1,0,0,0
0,0,-0.39142751583508933,0,0,0.0,0.10800209845405877,1,1,0,0
0,0,-0.3911111592281006,0,0,0.0,-0.17745929775907893,1,0,1,0
0,0,-0.3903679995273919,0,0,0.0,0.14043337682162513,1,0,0,0
0,0,-0.38980133593299054,0,0,0.0,0.5039866454807204,1,0,1,0
0,0,-0.3879858615514781,0,0,0.0,-0.22913144853547734,1,1,1,0
0,0,-0.3659983509422232,0,0,0.0,-0.17029990337439724,1,1,0,0
0,0,-0.3581790339441965,0,1,0.0,-0.06300626198439828,1,1,0,0
0,0,-0.3466732731501114,0,1,0.0,0.3736778857290951,1,1,0,0
0,0,-0.32486946144106243,0,1,0.0,0.6617851450843979,1,1,1,0
0,0,-0.3120612512520342,0,1,0.0,-0.1382966322798282,1,1,1,0
0,1,-0.2110460645064362,0,1,0.0,0.5751136723024494,1,1,0,1
0,1,-0.1898335876250309,0,1,0.0,0.8198171032006193,1,0,1,1
0,1,-0.1887373930205418,0,1,0.0,0.8251282843609945,1,0,1,1
0,1,-0.18978814274147104,0,0,0.0,1.1230408012431439,1,0,1,1
0,0,-0.1897931460246404,0,0,0.0,0.27797935046211336,1,0,1,0
0,0,-0.18979409492808064,0,0,0.0,-0.08425098662589943,1,0,1,1
0,0,-0.18979409492808064,0,0,0.0,-0.13893864318932408,1,0,0,0
0,0,0.5319798178537262,0,0,0.0,-0.16314050898971552,1,1,0,0
0,0,0.6420526169212082,0,0,0.0,-0.15691494865520972,1,0,0,0
0,0,0.6743153338892633,0,0,0.0,0.07520117744163117,1,0,0,0
0,0,0.8019428466011285,0,0,0.0,-0.04125571056571855,1,0,0,0
0,0,0.8977820940650567,0,0,0.0,-0.018882603113588213,1,0,0,0
0,0,0.8584026012952247,0,1,0.0,-5.0283101708072465e-05,1,0,0,0
0,0,0.8266143360472882,0,1,0.0,0.05549338800771119,1,0,0,0
0,0,0.8196873409335588,0,0,0.0,-0.13201270731718637,1,0,0,0
0,0,0.7219313085203518,0,0,0.0,-0.18658363462433905,1,0,0,0
0,0,0.8604190211057282,0,0,0.0,-0.06658595917673915,1,0,0,0
0,1,1.0219081530824474,0,0,0.0,-0.047870368421130995,1,0,0,1
0,1,1.0321629525610878,0,0,0.0,-0.024971979315776705,1,0,0,1
0,1,1.104329905901426,0,0,0.0,-0.08098256745028388,1,0,0,1
0,1,1.0758912697975258,0,0,0.0,-0.05405701900354616,1,0,0,1
0,1,1.0752270373893598,0,0,0.0,-0.12662370665262976,1,0,0,1
0,1,1.0757014891094783,0,0,0.0,-0.13532003624489258,1,0,0,1
0,0,-0.3955154118680035,0,0,0.0,-0.2119413332678097,0,0,0,0
0,0,-0.39553059432304727,0,0,0.0,-0.11282303673750227,0,0,0,0
0,0,-0.3955267987092863,0,0,0.0,-0.24492324935383147,0,0,0,0
0,0,-0.3955286965161668,0,0,0.0,-0.4521398350720001,0,0,0,0
0,0,-0.3955301198713272,0,0,0.0,-0.3917031798761375,0,0,0,0
0,0,-0.39552727316100644,0,0,0.0,-0.42328576847799526,0,0,0,0
0,0,-0.39552300309552535,0,0,0.0,-0.4329695637857805,0,0,0,0
0,0,-0.3955348643885283,0,0,0.0,-0.3221700363806007,0,0,0,0
0,0,-0.3955239519989656,0,0,0.0,-0.3228317518305662,0,0,0,0
0,0,-0.3955267987092863,0,0,0.0,-0.1977623825872178,0,0,0,0
0,0,-0.3955277476127266,0,0,0.0,0.0074538551883745795,1,0,0,0
0,0,-0.39552490090240583,0,0,0.0,-0.21407952573855427,1,0,0,0
0,0,-0.39552727316100644,0,0,0.0,-0.24206166161628775,1,0,0,0
0,0,-0.39552727316100644,0,0,0.0,-0.26752742696010295,1,0,0,0
0,0,-0.3956753020976834,0,0,0.0,-0.2678288074253694,1,0,0,0
0,0,-0.395513514061123,0,0,0.0,-0.19709395981582226,1,0,0,0
0,0,-0.39548172579587504,0,0,0.0,-0.17869892179999647,1,0,0,0
0,0,-0.39547982798899456,0,0,0.0,-0.09949872989015827,1,0,0,0
0,0,-0.3954803024407147,0,0,0.0,-0.15568106570930335,1,0,0,0
0,0,-0.39547982798899456,0,0,0.0,-0.27378428995670717,1,0,0,0
0,0,-0.3950684783476519,0,0,0.0,0.39266415840068236,1,0,1,0
0,0,-0.39518804018112175,0,0,0.0,-0.6435136739937415,1,0,0,0
0,0,-0.39541245584473783,0,0,0.0,-0.36884069330486413,1,0,0,0
0,0,-0.39545041198234726,0,0,0.0,-0.27713456108757173,1,0,0,0
0,0,-0.39545041198234726,0,0,0.0,-0.29189287865771424,1,0,0,0
0,0,-0.3955187330300443,0,0,0.0,-0.32118728868652285,1,0,0,0
0,0,-0.3955201563852047,0,0,0.0,-0.3215339721068814,1,0,0,0
0,0,-0.3955116162542426,0,0,0.0,-0.24669198384539817,1,0,0,0
0,0,-0.3955116162542426,0,0,0.0,-0.30665119622785675,1,0,0,0
0,0,-0.3955116162542426,0,0,0.0,-0.3215339721068814,1,0,0,0
0,0,-0.3955116162542426,0,0,0.0,-0.3371965027834965,1,0,0,0
0,0,-0.3955116162542426,0,0,0.0,-0.36909393297117954,1,0,0,0
0,0,-0.39549358708887805,0,0,0.0,-0.39758423363527534,1,0,0,0
0,0,-0.3956079299534266,0,0,0.0,-0.24521878028260766,1,1,0,0
0,0,-0.3956084044051467,0,0,0.0,-0.320168670831278,1,0,0,0
0,0,-0.3955367621954088,0,0,0.0,-0.30061549431664825,1,0,0,0
0,0,-0.39556570375033606,0,0,0.0,-0.2742537910367961,1,0,0,0
0,0,-0.39555431690905324,0,0,0.0,-0.18221070221461186,1,0,0,0
0,0,-0.3955619081365751,0,0,0.0,-0.2981658540270202,1,0,0,0
0,0,-0.3954247915894609,0,0,0.0,-0.27518316916161745,1,0,0,0
0,0,-0.3950869819647365,0,0,0.0,-0.21551065132269012,1,1,0,0
0,0,-0.3950869819647365,0,0,0.0,-0.17460877437918484,1,0,0,0
0,0,-0.3950869819647365,0,0,0.0,-0.12318697307217148,1,0,0,0
0,0,-0.3950869819647365,0,0,0.0,-0.1953147593013187,1,0,0,0
0,0,-0.3950869819647365,0,0,0.0,-0.21631586348705162,1,0,0,0
0,0,-0.3951016899680602,0,0,0.0,-0.2770625831044718,1,0,0,0
0,0,-0.3951016899680602,0,0,0.0,-0.17398453898137917,1,0,0,0
0,0,-0.3945513259727228,0,0,0.0,-0.20847629105285684,1,0,0,0
0,0,-0.3947207052368051,0,0,0.0,-0.15867979724928996,1,0,0,0
0,0,-0.3944588078872997,0,0,0.0,-0.24200858110757956,1,0,0,0
0,0,-0.39408209322152565,0,0,0.0,-0.1581237413478559,1,1,0,0
0,0,-0.39408209322152565,0,0,0.0,-0.1429974025800412,1,0,0,0
0,0,-0.39408209322152565,0,0,0.0,-0.16331550789541863,1,0,0,0
0,0,-0.39408209322152565,0,0,0.0,-0.27676894674988956,1,0,0,0
0,0,-0.39408209322152565,0,0,0.0,-0.21707482800645006,1,0,0,0
0,0,-0.39408209322152565,0,0,0.0,-0.2588383500678103,1,0,0,0
0,0,-0.39408209322152565,0,0,0.0,-0.25515339162661527,1,0,0,0
0,0,-0.3940854143835665,0,0,0.0,-0.22839738894218978,1,0,0,0
0,0,-0.3940986990317297,0,0,0.0,-0.23040421380209908,1,0,0,0
0,0,-0.39409727567656944,0,0,0.0,-0.2766108152606275,1,0,0,0
0,0,-0.3940958523214091,0,0,0.0,-0.26109459966793647,1,0,0,0
0,0,-0.3940958523214091,0,0,0.0,-0.251437450205845,1,0,0,0
0,0,-0.3940958523214091,0,0,0.0,-0.26610974706880924,1,0,0,0
0,0,-0.39408066986636525,0,0,0.0,-0.2723363988413161,1,0,0,0
0,0,-0.39407782315604456,0,0,0.0,-0.21131199094558725,1,0,0,0
0,0,-0.39408256767324573,0,0,0.0,-0.22400629793480817,1,0,0,0
0,0,-0.39408256767324573,0,0,0.0,-0.2211090199158813,1,0,0,0
0,0,-0.39074052975673135,0,0,0.0,-0.25003556395801885,1,2,0,0
0,0,-0.39071585826728517,0,0,0.0,-0.23264236371393546,1,0,0,0
0,0,-0.3906873911640781,0,0,0.0,-0.2177232727212737,1,0,0,0
0,0,-0.39070447142600234,0,0,0.0,-0.19690392289403727,1,0,0,0
0,0,-0.39086673391428284,0,0,0.0,-0.16143920321139896,1,0,0,0
0,0,-0.39045490982122,0,0,0.0,-0.12785887087721756,1,0,0,0
0,0,-0.39114476262227227,0,0,0.0,-0.08239078900340031,1,0,0,0
0,0,-0.39113432468442966,0,0,0.0,-0.023177485673401717,1,0,0,0
0,0,-0.3910897262227385,0,0,0.0,-0.07300461577065272,1,0,0,0
0,0,-0.389241262321157,0,0,0.0,-0.07170811053589765,1,0,0,0
0,0,-0.38923367109363516,0,0,0.0,-0.09324556627714381,1,0,0,1
0,0,-0.3892308243833144,0,0,0.0,-0.05387362508537096,1,0,0,1
0,0,-0.3896483418970187,0,0,0.0,-0.021608728903268277,1,0,0,0
0,0,-0.39039817817722317,0,0,0.0,-0.014933263276386053,1,0,0,0
0,0,-0.38839416058212883,0,0,0.0,0.014346325171836668,1,1,0,0
0,0,-0.38725795536919183,0,0,0.0,-0.01174266360495182,1,0,0,0
0,0,-0.38587648504391436,0,0,0.0,-0.04701435387513644,1,0,0,0
0,0,-0.3786361784682043,0,0,0.0,-0.07438736447091676,1,1,0,0
0,0,-0.3732024716071367,0,1,0.36,0.023295568152688816,1,1,0,0
0,0,-0.37675268612824264,0,1,0.36,0.07288604719223682,1,0,0,0
0,0,-0.379157805700955,0,1,0.36,0.023159384020371473,1,0,0,0
0,0,-0.3749087830930905,0,0,0.0,-0.04108061668131057,1,1,0,0
0,0,-0.3734068028090038,0,1,0.36,-0.009680446744146766,1,0,0,1
0,0,-0.3731552080457543,0,0,0.0,-0.013960519474119538,1,0,0,0
0,0,-0.37144237022967536,0,0,0.0,0.010941721863903811,1,0,0,0
0,0,-0.3685010798278988,0,0,0.0,-0.025886358489907262,1,0,0,0
0,0,-0.3652321074762826,0,1,0.36,-0.09979543258611867,1,0,0,0
0,0,-0.36384670845353667,0,0,0.0,-0.12022305243371595,1,0,0,0
0,0,-0.3628598488756903,0,0,0.0,-0.12246036317892899,1,0,0,0
0,0,-0.3530386982692383,0,0,0.0,-0.14948318600589336,1,1,0,0
0,0,-0.35128322690479996,0,0,0.0,-0.12413348251882743,1,0,0,0
0,0,-0.34186536026044856,0,0,0.0,-0.1581989704742015,1,1,0,0
0,0,-0.33907083962895085,0,0,0.0,-0.19051351958549584,1,0,0,0
0,0,-0.3256533449840009,0,0,0.0,-0.18734237479010696,1,1,0,0
0,0,-0.2824023261780023,0,0,0.0,-0.18100008519932914,1,1,0,0
0,0,-0.31548584462186235,0,0,0.0,-0.11335548118971421,1,0,0,0
0,0,-0.33446391342660065,0,0,0.0,-0.17893786833852404,1,0,0,0
0,0,-0.34404783817299345,0,0,0.0,-0.2648116912026139,1,0,0,0
0,0,-0.3374529592633469,0,0,0.0,-0.2258824842359071,1,0,0,0
0,0,-0.33133253207381885,0,0,0.0,-0.20068841975720383,1,0,0,0
0,0,-0.33285077757819787,0,0,0.0,-0.15395780749631943,1,0,0,0
0,0,-0.3091756367442869,0,0,0.0,-0.06746142859877903,1,1,0,0
0,0,-0.32744202796884747,0,0,0.0,-0.1531796124545062,1,0,0,0
0,0,-0.3345436213155806,0,0,0.0,-0.20907347133274137,1,0,0,0
0,0,-0.32020284362328005,0,0,0.0,-0.19461849843106063,1,1,0,0
0,0,-0.31680339704863125,0,0,0.0,-0.18189500949741433,1,0,0,0
0,0,-0.29793255433263977,0,0,0.0,-0.17998843164497194,1,1,0,0
0,0,0.06928501135980418,0,0,0.0,0.13636733827230638,0,0,1,0
0,0,0.02893763708093055,0,0,0.0,0.18634750626099275,0,0,1,0
0,0,0.8344997236356568,0,0,0.0,0.19440729682219618,0,0,1,0
0,0,0.07698061826012556,0,0,0.0,1.110988225577395,0,0,1,0
0,0,0.1277943974848123,0,0,0.0,0.4398654490923893,0,1,1,0
0,0,0.12623819584282384,0,0,0.0,-0.023837151882908764,0,0,0,0
0,0,0.7345707023443074,0,0,0.0,0.6733129151577394,0,1,1,0
0,0,0.7345707023443074,0,0,0.0,1.0135245787836835,0,0,1,0
0,0,0.7345707023443074,0,0,0.0,1.0532508370417129,0,0,1,0
0,0,1.636408531945471,0,0,0.0,-0.21101973341643493,0,1,0,0
0,0,2.918946421769685,0,0,0.0,-0.22374279597701782,0,1,0,0
0,0,2.918946421769685,0,0,0.0,0.0006290560730048021,0,0,0,0
0,0,2.918946421769685,0,0,0.0,-0.15558855425237528,0,0,0,0
0,0,2.918946421769685,0,0,0.0,-0.3034742462141852,0,0,0,0
0,0,2.918946421769685,0,0,0.0,-0.2103378135135049,0,0,0,0
0,0,2.918946421769685,0,0,0.0,-0.29189287865771424,0,0,0,0
0,0,2.918946421769685,0,1,0.06,-0.19836292089543697,1,0,0,0
0,0,2.9236909389708696,0,0,0.0,-0.18479681474381648,1,0,0,0
0,0,-0.39348855411965744,0,1,0.06,-0.19039793635760707,1,2,0,0
0,0,-0.3934857074093367,0,0,0.0,-0.45267218952595545,1,0,0,0
0,0,-0.3934857074093367,0,0,0.0,-0.2568374398014968,1,0,0,0
0,0,-0.3934857074093367,0,0,0.0,-0.3263278393001525,1,0,0,0
0,0,-0.3934857074093367,0,0,0.0,-0.17936670497288718,1,0,0,0
0,0,-0.3934857074093367,0,1,0.06,-0.27300653982845424,1,0,0,0
0,0,-0.3934857074093367,0,0,0.0,-0.17633921256981233,1,0,0,0
0,0,-0.3925368039690998,0,0,0.0,-0.18391859866292162,1,1,0,0
0,0,-0.3925368039690998,0,0,0.0,-0.20364357507907663,1,0,0,0
0,0,-0.3925368039690998,0,0,0.0,-0.23656904342589916,1,0,0,0
0,0,-0.3925368039690998,0,0,0.0,-0.2432797353742806,1,0,0,0
0,0,-0.3925368039690998,0,0,0.0,-0.23732790088511477,1,0,0,0
0,0,-0.3925368039690998,0,0,0.0,-0.2614919211734998,1,0,0,0
0,0,-0.3929163653451946,0,0,0.0,-0.20914751624078212,1,0,0,0
0,0,-0.3929638105172064,0,0,0.0,-0.23905407880807608,1,0,0,0
0,0,-0.3938035900618161,0,0,0.0,-0.17934883668089308,1,0,0,0
0,0,-0.3934382622373249,0,0,0.0,-0.20073430614457358,1,1,0,0
0,0,-0.3929998688479354,0,0,0.0,-0.0962382431289722,1,0,0,0
0,0,-0.3921695783377281,0,0,0.0,-0.22782547235578537,1,0,0,0
0,0,-0.39341453965131895,0,0,0.0,-0.1324626198078669,1,0,0,0
0,0,-0.39310614603324195,0,0,0.0,-0.20181172834706285,1,1,0,0
0,0,-0.39362804292537223,0,1,0.06,-0.1254151726903801,1,0,0,0
0,0,-0.39349804316354886,0,1,0.06,-0.09713011456790839,1,0,0,0
0,0,-0.3925780812782392,0,1,0.06,-0.11868611722613481,1,0,0,0
0,0,-0.391628228934562,0,1,0.06,-0.025886358489907262,1,0,0,0
0,0,-0.39057162494436914,0,0,0.0,-0.117343730779007,1,0,0,0
0,0,-0.3892479046452387,0,0,0.0,-0.12465876417205135,1,0,0,0
0,0,-0.3902883772674584,0,0,0.0,-0.14498910963942196,1,0,0,0
0,0,-0.3894984151534612,0,0,0.0,-0.17207029709452235,1,1,0,0
0,0,-0.3900900564484489,0,0,0.0,-0.13189597806091438,1,0,0,0
0,0,-0.38894567889952325,0,0,0.0,-0.1526737856773276,1,0,0,0
0,0,-0.3888873213379486,0,0,0.0,-0.1416623258356704,1,0,0,0
0,0,-0.38953115232214935,0,0,0.0,-0.1653972746109739,1,0,0,0
0,1,-0.38926783161748363,0,0,0.0,-0.142226517240985,1,0,0,1
0,1,-0.3884503513037195,0,0,0.0,-0.1845408726395793,1,0,0,1
0,1,-0.38753987845281224,0,0,0.0,-0.21329517943457815,1,0,0,1
0,1,-0.3880655709587035,0,0,0.0,-0.18638908586388572,1,0,0,1
0,1,-0.3884489279485592,0,0,0.0,-0.1706500911432132,1,0,0,1
0,0,-0.38799630100756616,0,0,0.0,-0.21926782638049463,1,0,0,0
0,0,-0.38658243488161315,0,0,0.0,-0.22187477977056896,1,0,0,0
0,0,-0.38702367498132334,0,0,0.0,-0.23154385316509835,1,0,0,0
0,0,-0.3855860862693644,0,0,0.0,-0.2380417817642388,1,0,0,0
0,0,-0.38432594250072977,0,0,0.0,-0.23800287201214815,1,0,0,0
0,0,-0.38353835264533315,0,0,0.0,-0.2532360399556421,1,0,0,0
0,0,-0.3848117810621311,0,0,0.0,-0.23924798407904932,1,0,0,0
0,0,-0.3860055015899491,0,0,0.0,-0.23889779631023336,1,0,0,0
0,0,-0.3860899539961302,0,0,0.0,-0.2214467724975717,1,0,0,0
0,0,-0.38453375235414167,0,0,0.0,-0.2638000376482567,1,0,0,0
0,0,-0.38516287533501875,0,0,0.0,-0.21129132720190905,1,0,0,0
0,0,-0.38588783756335976,0,0,0.0,-0.2250070148138672,1,0,0,0
0,0,-0.38504141569466843,0,0,0.0,-0.1963110726470044,1,0,0,0
0,0,-0.38497119684009085,0,0,0.0,-0.2232171662176968,1,0,0,0
0,0,-0.3838268192911652,0,0,0.0,-0.20611633017385111,1,0,0,0
0,0,-0.3832441925788597,0,0,0.0,-0.22300316258119815,1,0,0,0
0,0,-0.3827574051140181,0,0,0.0,-0.19191427066075967,1,0,0,0
0,0,-0.3817848199285794,0,0,0.0,-0.1789573232145694,1,0,0,0
0,0,-0.37979861223573164,0,0,0.0,-0.19609706901050578,1,0,0,0
0,0,-0.3974663801148131,0,0,0.0,-0.23630751853097717,0,0,0,0
0,0,-0.3974663801148131,0,0,0.0,-0.23785155630525004,0,0,0,0
0,0,-0.39746638770604065,0,0,0.0,-0.23931213258346895,0,0,0,0
0,0,-0.39746638770604065,0,0,0.0,-0.1383017519860985,0,0,0,0
0,0,-0.39746639719507504,0,0,0.0,-0.24444196147872588,0,0,0,0
0,0,-0.39746639529726824,0,0,0.0,-0.19925061177333414,0,0,0,0
0,0,-0.39746432478996163,0,0,0.0,-0.2476772512766567,0,0,0,0
0,0,-0.39746432668776843,0,0,0.0,-0.20542676290933543,0,1,0,0
0,0,-0.3974642792425965,0,0,0.0,-0.16771281880176583,0,0,0,0
0,0,-0.3974643475636442,0,0,0.0,-0.21407337447639135,0,0,0,0
0,0,-0.39746434946145104,0,0,0.0,-0.21706643233251222,0,0,0,0
0,0,-0.39746428873163087,0,0,0.0,-0.21983778218776195,0,0,0,0
0,0,-0.39746433048338226,0,0,0.0,-0.22241117850415662,0,0,0,0
0,0,-0.39746428873163087,0,0,0.0,-0.23151567713503893,0,0,0,0
0,0,-0.39746434566583727,0,0,0.0,-0.23007972734474497,0,0,0,0
0,0,-0.39746432858557534,0,0,0.0,-0.2698208961115987,0,0,0,0
0,0,-0.3974643228921547,0,0,0.0,-0.2513618869030935,0,0,0,0
0,0,-0.3974643323811891,0,0,0.0,-0.22470178399517285,0,0,0,0
0,0,-0.39746434376803036,0,0,0.0,-0.28894069716928394,0,0,0,0
0,0,-0.39746433048338226,0,0,0.0,-0.2653635022251888,0,0,0,0
0,0,-0.3974643171987341,0,0,0.0,-0.3006170383139758,0,0,0,0
0,0,-0.39746430011847217,0,0,0.0,-0.23346982747059333,1,0,0,0
0,0,-0.39746433048338226,0,0,0.0,-0.13307756400433549,1,0,0,0
0,0,-0.39746430011847217,0,0,0.0,-0.09262460651627273,1,0,0,0
0,0,-0.3974643608482923,0,0,0.0,-0.1943806637581539,1,0,0,0
0,0,-0.39746430011847217,0,0,0.0,-0.08352866482079582,1,0,0,0
0,0,-0.39746433997241665,0,0,0.0,-0.24279539967883892,1,0,0,0
0,0,-0.39746432573886503,0,0,0.0,-0.24200858110757956,1,0,0,0
0,0,-0.3974643238410582,0,0,0.0,-0.1650132522835812,1,0,0,0
0,0,-0.3974643238410582,0,0,0.0,-0.19925061177333414,1,0,0,0
0,0,-0.39746500135811447,0,0,0.0,-0.16556251471739417,1,0,0,0
0,0,-0.39746500135811447,0,0,0.0,-0.13767739781627458,1,0,0,0
0,0,-0.39746500135811447,0,0,0.0,-0.09404668149752356,1,0,0,0
0,0,-0.39746357325843695,0,0,0.0,0.07725092314324492,1,0,0,0
0,0,-0.3974639006301238,0,0,0.0,0.09385035333594455,1,1,0,0
0,0,-0.3974636415794846,0,0,0.0,0.023024179635611833,1,0,0,0
0,0,-0.39746372413408393,0,0,0.0,-0.10517425407043086,1,0,0,0
0,0,-0.39746348121480324,0,0,0.0,-0.06370663752203021,1,0,0,0
0,0,-0.39746275150805765,0,0,0.0,-0.01958297865122011,1,0,0,0
0,0,-0.3974622912898892,0,0,0.0,-0.04880420247130687,1,0,0,0
0,0,-0.3974593734118105,0,1,0.0,0.09121254042693837,1,1,0,0
0,0,-0.39745112744091476,0,1,0.0,0.09757428489376148,1,1,1,0
0,0,-0.39741767859464644,0,1,0.0,0.43630313171901475,1,1,1,0
0,0,-0.39733370064018547,0,1,0.0,0.7742343286264094,1,1,1,0
0,0,-0.3973980362934335,0,1,0.0,0.623031032002099,1,0,1,0
0,0,-0.39738095603150925,0,1,0.0,0.7594875325840488,1,1,1,0
0,0,-0.3972964087349841,0,1,0.0,2.2040509887019457,1,1,1,0
0,0,-0.397035555179263,0,1,0.0,1.8395444311166294,1,1,1,0
0,0,-0.39664242448397286,0,1,0.0,1.6088679658471428,1,1,1,0
0,0,-0.3944824355829616,0,1,0.0,2.9322664539547203,1,1,1,0
0,0,-0.3921477535586027,0,1,0.0,3.2734660700377307,1,1,1,0
0,0,-0.39083826681107575,0,1,0.0,0.7706157216819779,1,1,1,0
0,1,-0.38819082621281475,0,0,0.0,0.3871795697045547,1,1,1,1
0,1,-0.3852587145824827,0,0,0.0,0.5465150045158133,1,1,1,1
0,1,-0.38380689231892023,0,0,0.0,0.18300064560880872,1,0,1,1
0,1,-0.37446019343258663,0,0,0.0,0.18389556990689393,1,1,1,1
0,0,-0.37128136690779295,0,0,0.0,0.22930325059669582,1,0,1,0
0,0,-0.35524489876778903,0,0,0.0,0.21587938612541768,1,1,1,0
0,0,-0.362029558365483,0,0,0.0,0.123604909042414,1,0,1,0
0,0,-0.35477044704767063,0,0,0.0,0.14076410971439574,1,0,1,0
0,0,-0.35571935048790754,0,0,0.0,0.12444146871236321,1,0,1,0
0,0,-0.3538215436074337,0,0,0.0,0.05769178900083355,1,0,0,0
0,0,-0.3657777269544188,0,0,0.0,0.06461772487297125,1,0,0,0
0,0,-0.3555559493154987,0,0,0.0,-0.11646826135696713,1,0,0,0
0,0,-0.36112810009725793,0,0,0.0,-0.0846011743947154,1,0,0,0
0,0,-0.35161762047713946,0,0,0.0,-0.049699126769392074,1,1,0,0
0,0,-0.35352738354096025,0,0,0.0,-0.03135317865864521,1,0,0,0
0,0,-0.3520195759744238,0,0,0.0,-0.1265264322724031,1,0,0,0
0,0,-0.348944369705304,0,0,0.0,-0.12345256185724085,1,0,0,0
0,0,-0.3486347111989412,0,0,0.0,-0.16397706865966474,1,0,0,0
0,0,-0.3450916319572541,0,0,0.0,-0.15613675361339646,1,1,0,0
0,0,-0.3368779237785634,0,0,0.0,-0.13993084186763596,1,0,0,0
0,0,-0.3974711018583318,0,0,0.0,-0.627321775984294,0,0,0,0
0,0,-0.3974711018583318,0,0,0.0,-0.5620994904200353,0,0,0,0
0,0,-0.3974711018583318,0,0,0.0,-0.37033995949507437,0,0,0,0
0,0,-0.3974711018583318,0,0,0.0,-0.2754056955707591,0,0,0,0
0,0,-0.3974711018583318,0,0,0.0,-0.27554424333433186,0,0,0,0
0,0,-0.3974711018583318,0,0,0.0,-0.29189287865771424,0,0,0,0
0,0,-0.3974711018583318,0,0,0.0,-0.3891672588843679,0,0,0,0
0,0,-0.3974711018583318,0,0,0.0,-0.42841832459668594,0,0,0,0
0,0,-0.3974711018583318,0,0,0.0,-0.36530750525047523,0,0,0,0
0,0,-0.3974711018583318,0,0,0.0,-0.3491131023284625,0,0,0,0
0,0,-0.3974711018583318,0,0,0.0,-0.31154426860052764,0,0,0,0
0,0,-0.3974711018583318,0,0,0.0,-0.29189287865771424,0,0,0,0
0,0,-0.3974711018583318,0,0,0.0,-0.31174479298452284,0,0,0,0
0,0,-0.3974711018583318,0,0,0.0,-0.17155343920807725,0,0,0,0
0,0,-0.3974711018583318,0,0,0.0,-0.34855756616404193,0,0,0,0
0,0,-0.3974711018583318,0,0,0.0,-0.274260060487331,0,0,0,0
0,0,-0.3974711018583318,0,0,0.0,-0.23364474678639854,0,0,0,0
0,0,-0.3974711018583318,0,0,0.0,-0.2183715447740724,0,0,0,0
0,0,-0.3974711018583318,0,0,0.0,-0.18290197644995174,0,0,0,0
0,0,-0.3974711018583318,0,0,0.0,-0.1732026534468545,0,0,0,0
0,0,-0.3974711018583318,0,0,0.0,-0.23352825052172207,0,0,0,0
0,0,-0.3974711018583318,0,0,0.0,-0.23995024843223184,0,0,0,0
0,0,-0.3974711018583318,0,0,0.0,-0.19070912618537925,0,0,0,0
0,0,-0.3974711018583318,0,0,0.0,-0.23505840930415348,0,0,0,0
0,0,-0.3974711018583318,0,0,0.0,-0.10923792889121982,0,0,0,0
0,0,-0.3974711018583318,0,0,0.0,-0.21811191161293242,0,0,0,0
0,0,-0.3974711018583318,0,0,0.0,-0.1422399860073102,0,0,0,0
0,0,-0.3974711018583318,0,0,0.0,-0.15640356334757669,0,0,0,0
0,0,-0.3974711018583318,0,0,0.0,-0.13274614639720245,0,0,0,0
0,0,-0.3974711018583318,0,0,0.0,-0.23785155630525004,0,0,0,0
0,0,-0.3974711018583318,0,0,0.0,-0.29189287865771424,0,0,0,0
0,0,-0.3974711018583318,0,0,0.0,-0.25976020049798854,0,0,0,0
0,0,-0.3974711018583318,0,0,0.0,-0.20568220194938783,0,0,0,0
0,0,-0.3974711018583318,0,0,0.0,-0.23410611812125026,0,0,0,0
0,0,-0.3974711018583318,0,0,0.0,-0.22241117850415662,0,0,0,0
0,0,-0.3974711018583318,0,0,0.0,-0.24028843291217045,0,0,0,0
0,0,-0.3974711018583318,0,0,0.0,-0.24413543099649215,0,0,0,0
0,0,-0.3974711018583318,0,0,0.0,-0.23546637815209842,0,0,0,0
0,0,-0.3974711018583318,0,0,0.0,-0.2513618869030935,0,0,0,0
0,0,-0.3974711018583318,0,0,0.0,-0.2708732046566119,0,0,0,0
0,0,-0.3974711018583318,0,0,0.0,-0.24325524975911308,0,0,0,0
0,0,-0.3974711018583318,1,1,0.0,-0.24325562177525287,1,0,0,0
0,0,-0.3974711018583318,1,1,0.0,-0.23115566622966505,1,0,0,0
0,0,-0.3974711018583318,1,1,0.0,-0.24587859557482986,1,0,0,0
0,0,-0.3974711018583318,1,1,0.0,-0.2649222135752324,1,0,0,0
0,0,-0.3974711018583318,1,1,0.0,-0.2847987580669375,1,0,0,0
0,0,-0.3974711018583318,1,1,0.0,-0.25125181407429586,1,0,0,0
0,0,-0.3974711018583318,1,1,0.0,-0.2330441344718309,1,0,0,0
0,0,-0.3974711018583318,1,1,0.0,-0.23645120012506018,1,0,0,0
0,0,-0.3974711018583318,1,1,0.0,-0.2314535557703386,1,0,0,0
0,0,-0.3974711018583318,1,1,0.0,-0.16356671384626673,1,0,0,0
0,0,-0.3974711018583318,1,1,0.0,-0.09719548256232316,1,0,0,0
0,0,-0.3974711018583318,1,1,0.0,-0.07707835319806888,1,0,0,0
0,0,-0.3974711018583318,1,1,0.0,-0.09235587495161728,1,1,0,0
0,0,-0.3974711018583318,1,1,0.0,-0.13178090029016012,1,0,0,0
0,0,-0.3974711018583318,1,1,0.0,-0.04767975771668677,1,0,0,0
0,0,-0.3974711018583318,1,1,0.0,-0.15181777113133305,1,0,0,0
0,0,-0.3974711018583318,0,0,0.0,-0.03508851485934871,1,0,0,0
0,0,-0.3974711018583318,0,0,0.0,-0.08956216778627471,1,1,0,0
0,0,-0.3974711018583318,0,0,0.0,0.15946024559395852,1,1,1,0
0,0,-0.3974711018583318,0,0,0.0,0.10304110506249946,1,1,1,0
0,0,-0.3974711018583318,0,0,0.0,-0.13041740748146924,1,0,0,0
0,0,-0.3974711018583318,0,0,0.0,-0.009797176000418755,1,0,0,0
0,0,-0.3974711018583318,0,0,0.0,-0.0487069280910802,1,0,0,0
0,0,-0.3974711018583318,0,0,0.0,-0.14792679592226687,1,1,0,0
0,0,-0.3974711018583318,0,0,0.0,-0.04287046527748097,1,1,0,0
0,0,-0.3974711018583318,0,0,0.0,0.04662196453104032,1,1,0,0
0,0,-0.3974711018583318,0,0,0.0,0.17502414643022313,1,1,1,0
0,0,-0.3974711018583318,0,0,0.0,0.5174299648280439,1,0,1,0
0,0,-0.3974711018583318,0,0,0.0,0.25673462582061213,1,1,1,0
0,0,-0.3974711018583318,0,0,0.0,0.11886848542508227,1,1,1,0
0,1,-0.3974711018583318,0,0,0.0,0.21021295017376038,1,0,1,1
0,1,-0.3974711018583318,0,0,0.0,0.027172615226896554,1,1,0,1
0,1,-0.3974711018583318,0,0,0.0,0.09846995625908685,1,1,1,1
0,1,-0.3974711018583318,0,0,0.0,0.6149236981984623,1,1,1,1
0,1,-0.3974711018583318,0,0,0.0,0.8155409868142391,1,0,1,1
0,1,-0.3974711018583318,1,1,0.0,0.7820881873791854,1,1,1,1
0,1,-0.3974711018583318,1,1,0.0,1.8893569136377055,1,0,1,1
0,1,-0.3974711018583318,1,1,0.0,3.5782384929427193,1,0,1,1
0,1,-0.3974711018583318,1,1,0.0,9.435545144007648,1,1,1,1
0,1,-0.3974711018583318,1,1,0.0,2.2906791529843296,1,1,1,1
0,1,-0.3974711018583318,1,1,0.0,9.435545144007648,1,1,1,1
0,1,-0.3974711018583318,1,1,0.0,9.435545144007648,1,1,1,1
0,1,-0.3974711018583318,1,1,0.0,9.435545144007648,1,1,1,1
0,1,-0.397452123789527,1,1,0.0,9.435545144007648,1,1,1,1
0,1,2.969238304102242,1,1,0.0,-0.44111177792540096,1,1,0,1
0,0,3.1912817091176797,1,1,0.0,-0.2293065424198853,1,0,0,0
0,0,3.0366104483590624,1,1,0.0,-0.1961748885146871,1,0,0,0
0,0,3.0366104483590624,1,1,0.0,-0.21952073976908396,1,0,0,0
0,0,3.0366104483590624,1,1,0.0,-0.2601425209517345,1,0,0,0
